{
  "kdv": {
    "equation": "kdv",
    "iterations": 1000,
    "batch_size": 64,
    "seed": 42,
    "data_gen_ms": 2.0098152454011142,
    "model_forward_ms": 113.17899494315498,
    "derivative_graph_ms": 383.60288881813176,
    "residual_math_ms": 7.124240830307826,
    "mse_ms": 35.34221184963826,
    "backward_ms": 648.2909894257318,
    "optimizer_ms": 130.96370981656946,
    "iter_total_ms": 1336.9867014407646,
    "avg_data_gen_ms": 0.0020098152454011142,
    "avg_model_forward_ms": 0.11317899494315498,
    "avg_derivative_graph_ms": 0.38360288881813176,
    "avg_residual_math_ms": 0.007124240830307826,
    "avg_mse_ms": 0.03534221184963826,
    "avg_backward_ms": 0.6482909894257318,
    "avg_optimizer_ms": 0.13096370981656946,
    "avg_iter_total_ms": 1.3369867014407646
  },
  "sine_gordon": {
    "equation": "sine_gordon",
    "iterations": 1000,
    "batch_size": 64,
    "seed": 42,
    "data_gen_ms": 1.5904600586509332,
    "model_forward_ms": 105.67281310795806,
    "derivative_graph_ms": 235.21997300849762,
    "residual_math_ms": 5.435520128230564,
    "mse_ms": 27.20841288100928,
    "backward_ms": 430.1470882783178,
    "optimizer_ms": 130.36047694913577,
    "iter_total_ms": 951.1400391784264,
    "avg_data_gen_ms": 0.0015904600586509332,
    "avg_model_forward_ms": 0.10567281310795806,
    "avg_derivative_graph_ms": 0.23521997300849762,
    "avg_residual_math_ms": 0.005435520128230564,
    "avg_mse_ms": 0.02720841288100928,
    "avg_backward_ms": 0.4301470882783178,
    "avg_optimizer_ms": 0.13036047694913577,
    "avg_iter_total_ms": 0.9511400391784264
  },
  "allen_cahn": {
    "equation": "allen_cahn",
    "iterations": 1000,
    "batch_size": 64,
    "seed": 42,
    "data_gen_ms": 1.455666046240367,
    "model_forward_ms": 102.60949074290693,
    "derivative_graph_ms": 144.1374388814438,
    "residual_math_ms": 9.722446848172694,
    "mse_ms": 19.349240115843713,
    "backward_ms": 304.277268005535,
    "optimizer_ms": 124.65120512933936,
    "iter_total_ms": 718.9587382308673,
    "avg_data_gen_ms": 0.001455666046240367,
    "avg_model_forward_ms": 0.10260949074290693,
    "avg_derivative_graph_ms": 0.1441374388814438,
    "avg_residual_math_ms": 0.009722446848172694,
    "avg_mse_ms": 0.019349240115843713,
    "avg_backward_ms": 0.304277268005535,
    "avg_optimizer_ms": 0.12465120512933936,
    "avg_iter_total_ms": 0.7189587382308673
  }
}